{
    "1_126.9627319_47.4550797.jpg": [
        [
            "sky",
            37.65
        ],
        [
            "road",
            26.52
        ],
        [
            "car",
            20.79
        ],
        [
            "building",
            12.77
        ],
        [
            "sidewalk",
            1.12
        ],
        [
            "streetlight",
            0.4
        ],
        [
            "van",
            0.16
        ],
        [
            "trade",
            0.15
        ],
        [
            "signboard",
            0.12
        ],
        [
            "person",
            0.11
        ],
        [
            "table",
            0.05
        ],
        [
            "pole",
            0.04
        ],
        [
            "box",
            0.03
        ],
        [
            "plant",
            0.03
        ],
        [
            "bicycle",
            0.02
        ],
        [
            "minibike",
            0.02
        ],
        [
            "truck",
            0.01
        ],
        [
            "bench",
            0.01
        ],
        [
            "boat",
            0.0
        ],
        [
            "bus",
            0.0
        ]
    ],
    "2_126.962646_47.45525243.jpg": [
        [
            "sky",
            34.48
        ],
        [
            "car",
            21.84
        ],
        [
            "road",
            19.47
        ],
        [
            "building",
            15.15
        ],
        [
            "sidewalk",
            2.88
        ],
        [
            "boat",
            2.84
        ],
        [
            "signboard",
            1.13
        ],
        [
            "streetlight",
            0.59
        ],
        [
            "tree",
            0.48
        ],
        [
            "plant",
            0.22
        ],
        [
            "person",
            0.18
        ],
        [
            "truck",
            0.17
        ],
        [
            "box",
            0.12
        ],
        [
            "pole",
            0.12
        ],
        [
            "grass",
            0.09
        ],
        [
            "van",
            0.08
        ],
        [
            "minibike",
            0.06
        ],
        [
            "pot",
            0.05
        ],
        [
            "bus",
            0.03
        ],
        [
            "ashcan",
            0.03
        ],
        [
            "trade",
            0.01
        ],
        [
            "base",
            0.0
        ]
    ],
    "3_126.9625602_47.45542516.jpg": [
        [
            "sky",
            35.17
        ],
        [
            "road",
            19.34
        ],
        [
            "car",
            16.69
        ],
        [
            "building",
            13.84
        ],
        [
            "boat",
            9.55
        ],
        [
            "sidewalk",
            2.1
        ],
        [
            "signboard",
            1.4
        ],
        [
            "tree",
            0.97
        ],
        [
            "pole",
            0.39
        ],
        [
            "streetlight",
            0.12
        ],
        [
            "person",
            0.09
        ],
        [
            "plant",
            0.09
        ],
        [
            "railing",
            0.07
        ],
        [
            "truck",
            0.06
        ],
        [
            "minibike",
            0.05
        ],
        [
            "pot",
            0.04
        ],
        [
            "traffic",
            0.03
        ],
        [
            "awning",
            0.0
        ]
    ],
    "4_126.9624743_47.45559788.jpg": [
        [
            "sky",
            33.99
        ],
        [
            "road",
            20.69
        ],
        [
            "building",
            14.29
        ],
        [
            "car",
            13.54
        ],
        [
            "boat",
            9.5
        ],
        [
            "sidewalk",
            3.43
        ],
        [
            "signboard",
            1.59
        ],
        [
            "tree",
            1.46
        ],
        [
            "streetlight",
            0.45
        ],
        [
            "van",
            0.25
        ],
        [
            "truck",
            0.24
        ],
        [
            "pole",
            0.19
        ],
        [
            "person",
            0.15
        ],
        [
            "wall",
            0.1
        ],
        [
            "bench",
            0.07
        ],
        [
            "railing",
            0.04
        ],
        [
            "plant",
            0.02
        ],
        [
            "minibike",
            0.01
        ],
        [
            "awning",
            0.0
        ],
        [
            "pot",
            0.0
        ]
    ],
    "5_126.9623885_47.45577061.jpg": [
        [
            "sky",
            35.05
        ],
        [
            "car",
            22.43
        ],
        [
            "road",
            20.38
        ],
        [
            "building",
            14.23
        ],
        [
            "sidewalk",
            2.68
        ],
        [
            "truck",
            1.18
        ],
        [
            "pole",
            0.74
        ],
        [
            "signboard",
            0.68
        ],
        [
            "person",
            0.36
        ],
        [
            "van",
            0.35
        ],
        [
            "trade",
            0.33
        ],
        [
            "plant",
            0.32
        ],
        [
            "bicycle",
            0.3
        ],
        [
            "streetlight",
            0.26
        ],
        [
            "boat",
            0.24
        ],
        [
            "minibike",
            0.16
        ],
        [
            "wall",
            0.14
        ],
        [
            "tree",
            0.13
        ],
        [
            "railing",
            0.02
        ],
        [
            "pot",
            0.02
        ],
        [
            "box",
            0.01
        ],
        [
            "fence",
            0.0
        ]
    ],
    "6_126.9623026_47.45594334.jpg": [
        [
            "sky",
            34.93
        ],
        [
            "road",
            17.26
        ],
        [
            "car",
            14.51
        ],
        [
            "building",
            14.32
        ],
        [
            "boat",
            8.61
        ],
        [
            "sidewalk",
            6.5
        ],
        [
            "streetlight",
            0.93
        ],
        [
            "truck",
            0.78
        ],
        [
            "signboard",
            0.63
        ],
        [
            "trade",
            0.62
        ],
        [
            "plant",
            0.31
        ],
        [
            "pole",
            0.31
        ],
        [
            "bicycle",
            0.1
        ],
        [
            "table",
            0.06
        ],
        [
            "van",
            0.04
        ],
        [
            "pot",
            0.04
        ],
        [
            "person",
            0.03
        ],
        [
            "traffic",
            0.01
        ],
        [
            "bench",
            0.0
        ],
        [
            "rock",
            0.0
        ]
    ],
    "7_126.9622168_47.45611606.jpg": [
        [
            "sky",
            33.81
        ],
        [
            "car",
            22.17
        ],
        [
            "road",
            21.58
        ],
        [
            "building",
            15.29
        ],
        [
            "sidewalk",
            2.23
        ],
        [
            "truck",
            1.98
        ],
        [
            "signboard",
            1.31
        ],
        [
            "pole",
            0.34
        ],
        [
            "plant",
            0.31
        ],
        [
            "tree",
            0.27
        ],
        [
            "plate",
            0.18
        ],
        [
            "streetlight",
            0.17
        ],
        [
            "van",
            0.13
        ],
        [
            "person",
            0.11
        ],
        [
            "earth",
            0.03
        ],
        [
            "bench",
            0.03
        ],
        [
            "boat",
            0.03
        ],
        [
            "bicycle",
            0.02
        ],
        [
            "awning",
            0.01
        ],
        [
            "minibike",
            0.01
        ]
    ],
    "8_126.9621309_47.45628879.jpg": [
        [
            "sky",
            32.76
        ],
        [
            "car",
            23.06
        ],
        [
            "road",
            21.19
        ],
        [
            "building",
            16.56
        ],
        [
            "sidewalk",
            2.13
        ],
        [
            "signboard",
            1.74
        ],
        [
            "truck",
            1.13
        ],
        [
            "streetlight",
            0.39
        ],
        [
            "person",
            0.27
        ],
        [
            "plant",
            0.19
        ],
        [
            "minibike",
            0.19
        ],
        [
            "pole",
            0.11
        ],
        [
            "tree",
            0.09
        ],
        [
            "bicycle",
            0.08
        ],
        [
            "van",
            0.06
        ],
        [
            "trade",
            0.02
        ],
        [
            "base",
            0.01
        ],
        [
            "pot",
            0.01
        ],
        [
            "traffic",
            0.0
        ],
        [
            "box",
            0.0
        ],
        [
            "awning",
            0.0
        ]
    ],
    "9_126.962045_47.45646151.jpg": [
        [
            "sky",
            33.37
        ],
        [
            "road",
            20.71
        ],
        [
            "car",
            17.84
        ],
        [
            "building",
            16.24
        ],
        [
            "boat",
            5.29
        ],
        [
            "signboard",
            2.09
        ],
        [
            "sidewalk",
            1.9
        ],
        [
            "van",
            1.27
        ],
        [
            "truck",
            0.21
        ],
        [
            "pole",
            0.17
        ],
        [
            "plant",
            0.17
        ],
        [
            "traffic",
            0.16
        ],
        [
            "minibike",
            0.15
        ],
        [
            "tree",
            0.13
        ],
        [
            "person",
            0.09
        ],
        [
            "table",
            0.07
        ],
        [
            "box",
            0.05
        ],
        [
            "railing",
            0.03
        ],
        [
            "streetlight",
            0.02
        ],
        [
            "trade",
            0.01
        ],
        [
            "bench",
            0.01
        ],
        [
            "ashcan",
            0.01
        ],
        [
            "pot",
            0.01
        ],
        [
            "base",
            0.0
        ]
    ],
    "10_126.9619592_47.45663423.jpg": [
        [
            "sky",
            32.44
        ],
        [
            "car",
            24.29
        ],
        [
            "road",
            20.56
        ],
        [
            "building",
            18.14
        ],
        [
            "sidewalk",
            2.08
        ],
        [
            "signboard",
            1.09
        ],
        [
            "person",
            0.39
        ],
        [
            "traffic",
            0.26
        ],
        [
            "boat",
            0.2
        ],
        [
            "streetlight",
            0.18
        ],
        [
            "trade",
            0.11
        ],
        [
            "bench",
            0.06
        ],
        [
            "bicycle",
            0.05
        ],
        [
            "ashcan",
            0.03
        ],
        [
            "chair",
            0.03
        ],
        [
            "minibike",
            0.03
        ],
        [
            "van",
            0.03
        ],
        [
            "box",
            0.01
        ],
        [
            "railing",
            0.0
        ],
        [
            "pole",
            0.0
        ],
        [
            "bag",
            0.0
        ],
        [
            "pot",
            0.0
        ],
        [
            "truck",
            0.0
        ],
        [
            "table",
            0.0
        ]
    ]
}